Workbook

Sheet Pivot
A2: Total Sales by Region | E2: Total Sales by Category | I2: Salesperson vs Sales
A3: Region | B3: Total Sales | E3: Category | F3: Total Sales | I3: Salesperson | J3: Total Sales
A4: East | B4: 20000 | E4: Clothing | F4: 11000 | I4: Amit | J4: 20500
A5: North | B5: 20500 | E5: Electronics | F5: 45000 | I5: Neha | J5: 20000
A6: South | B6: 21500 | E6: Furniture | F6: 25000 | I6: Priya | J6: 19000
A7: West | B7: 19000 | E7: Grand Total | F7: 81000 | I7: Ravi | J7: 21500
A8: Grand Total | B8: 81000 | I8: Grand Total | J8: 81000
A13: Summary | B13: Overall sales in North region is highest.
B14: Electronics being top in Category.
B15: Ravi has done the highest sales.

Sheet Sales_Data
A1: Order_ID | B1: Date | C1: Region | D1: Salesperson | E1: Product_ID | F1: Category | G1: Sales_Amount | H1: Quantity | I1: Product_Name | J1: Performance Category | K1: Categorize Region | L1: Bonus
A2: 1001 | B2: 45292 | C2: North | D2: Amit | E2: P101 | F2: Electronics | G2: 15000 | H2: 2 | I2: =VLOOKUP(E2,Product_Master!A:C,2,FALSE) -> Laptop | J2: =IF(G2>15000,"High",IF(G2>=5000,"Medium","Low")) -> Medium | K2: {=_xlfn.IFS(C2="North","Zone 1",C2="South","Zone 2",C2="East","Zone 3",C2="West","Zone 4")} -> Zone 1 | L2: =IF(J2="High",G2*10%,IF(J2="Medium",G2*5%,IF(J2="Low",G2*2%,0))) -> 750
A3: 1002 | B3: 45293 | C3: South | D3: Ravi | E3: P102 | F3: Furniture | G3: 8000 | H3: 1 | I3: =VLOOKUP(E3,Product_Master!A:C,2,FALSE) -> Chair | J3: =IF(G3>15000,"High",IF(G3>=5000,"Medium","Low")) -> Medium | K3: {=_xlfn.IFS(C3="North","Zone 1",C3="South","Zone 2",C3="East","Zone 3",C3="West","Zone 4")} -> Zone 2 | L3: =IF(J3="High",G3*10%,IF(J3="Medium",G3*5%,IF(J3="Low",G3*2%,0))) -> 400 | O3: Section 3 | P3: Totals
A4: 1003 | B4: 45293 | C4: East | D4: Neha | E4: P103 | F4: Clothing | G4: 2000 | H4: 5 | I4: =VLOOKUP(E4,Product_Master!A:C,2,FALSE) -> T-Shirt | J4: =IF(G4>15000,"High",IF(G4>=5000,"Medium","Low")) -> Low | K4: {=_xlfn.IFS(C4="North","Zone 1",C4="South","Zone 2",C4="East","Zone 3",C4="West","Zone 4")} -> Zone 3 | L4: =IF(J4="High",G4*10%,IF(J4="Medium",G4*5%,IF(J4="Low",G4*2%,0))) -> 40 | O4: Total Sales for Electronics | P4: =SUMIF(F:F,"Electronics",G:G) -> 45000
A5: 1004 | B5: 45294 | C5: West | D5: Priya | E5: P101 | F5: Electronics | G5: 12000 | H5: 1 | I5: =VLOOKUP(E5,Product_Master!A:C,2,FALSE) -> Laptop | J5: =IF(G5>15000,"High",IF(G5>=5000,"Medium","Low")) -> Medium | K5: {=_xlfn.IFS(C5="North","Zone 1",C5="South","Zone 2",C5="East","Zone 3",C5="West","Zone 4")} -> Zone 4 | L5: =IF(J5="High",G5*10%,IF(J5="Medium",G5*5%,IF(J5="Low",G5*2%,0))) -> 600 | O5: Total sales for north & Clothing | P5: =SUMIFS(G:G,C:C,"North",F:F,"Clothing") -> 5500
A6: 1005 | B6: 45294 | C6: North | D6: Amit | E6: P104 | F6: Clothing | G6: 3000 | H6: 3 | I6: =VLOOKUP(E6,Product_Master!A:C,2,FALSE) -> Jeans | J6: =IF(G6>15000,"High",IF(G6>=5000,"Medium","Low")) -> Low | K6: {=_xlfn.IFS(C6="North","Zone 1",C6="South","Zone 2",C6="East","Zone 3",C6="West","Zone 4")} -> Zone 1 | L6: =IF(J6="High",G6*10%,IF(J6="Medium",G6*5%,IF(J6="Low",G6*2%,0))) -> 60 | O6: Total quanity sold by Amit | P6: =SUMIF(D:D,"Amit",H:H) -> 9
A7: 1006 | B7: 45295 | C7: South | D7: Ravi | E7: P105 | F7: Furniture | G7: 10000 | H7: 2 | I7: =VLOOKUP(E7,Product_Master!A:C,2,FALSE) -> Table | J7: =IF(G7>15000,"High",IF(G7>=5000,"Medium","Low")) -> Medium | K7: {=_xlfn.IFS(C7="North","Zone 1",C7="South","Zone 2",C7="East","Zone 3",C7="West","Zone 4")} -> Zone 2 | L7: =IF(J7="High",G7*10%,IF(J7="Medium",G7*5%,IF(J7="Low",G7*2%,0))) -> 500
A8: 1007 | B8: 45296 | C8: East | D8: Neha | E8: P101 | F8: Electronics | G8: 18000 | H8: 2 | I8: =VLOOKUP(E8,Product_Master!A:C,2,FALSE) -> Laptop | J8: =IF(G8>15000,"High",IF(G8>=5000,"Medium","Low")) -> High | K8: {=_xlfn.IFS(C8="North","Zone 1",C8="South","Zone 2",C8="East","Zone 3",C8="West","Zone 4")} -> Zone 3 | L8: =IF(J8="High",G8*10%,IF(J8="Medium",G8*5%,IF(J8="Low",G8*2%,0))) -> 1800 | O8: Section 4 | P8: Count
A9: 1008 | B9: 45297 | C9: West | D9: Priya | E9: P102 | F9: Furniture | G9: 7000 | H9: 1 | I9: =VLOOKUP(E9,Product_Master!A:C,2,FALSE) -> Chair | J9: =IF(G9>15000,"High",IF(G9>=5000,"Medium","Low")) -> Medium | K9: {=_xlfn.IFS(C9="North","Zone 1",C9="South","Zone 2",C9="East","Zone 3",C9="West","Zone 4")} -> Zone 4 | L9: =IF(J9="High",G9*10%,IF(J9="Medium",G9*5%,IF(J9="Low",G9*2%,0))) -> 350 | O9: Count no. of orders in Furniture | P9: =COUNTIF(F1:F11,"Furniture") -> 3
A10: 1009 | B10: 45298 | C10: North | D10: Amit | E10: P103 | F10: Clothing | G10: 2500 | H10: 4 | I10: =VLOOKUP(E10,Product_Master!A:C,2,FALSE) -> T-Shirt | J10: =IF(G10>15000,"High",IF(G10>=5000,"Medium","Low")) -> Low | K10: {=_xlfn.IFS(C10="North","Zone 1",C10="South","Zone 2",C10="East","Zone 3",C10="West","Zone 4")} -> Zone 1 | L10: =IF(J10="High",G10*10%,IF(J10="Medium",G10*5%,IF(J10="Low",G10*2%,0))) -> 50 | O10: Count no.of order South & Sales | P10: =COUNTIFS(C:C,"South",G:G,">5000") -> 2
A11: 1010 | B11: 45299 | C11: South | D11: Ravi | E11: P104 | F11: Clothing | G11: 3500 | H11: 2 | I11: =VLOOKUP(E11,Product_Master!A:C,2,FALSE) -> Jeans | J11: =IF(G11>15000,"High",IF(G11>=5000,"Medium","Low")) -> Low | K11: {=_xlfn.IFS(C11="North","Zone 1",C11="South","Zone 2",C11="East","Zone 3",C11="West","Zone 4")} -> Zone 2 | L11: =IF(J11="High",G11*10%,IF(J11="Medium",G11*5%,IF(J11="Low",G11*2%,0))) -> 70

Sheet Product_Master
A1: Product_ID | B1: Product_Name | C1: Price
A2: P101 | B2: Laptop | C2: 7500
A3: P102 | B3: Chair | C3: 7000
A4: P103 | B4: T-Shirt | C4: 500
A5: P104 | B5: Jeans | C5: 1500
A6: P105 | B6: Table | C6: 5000
